ID,Section,Category,Title,Age Range,Experience,Education,Location,Company Size,Industry,Primary Goals,Key Pain Points,Tech Proficiency,Decision Authority,Budget Range,Success Metrics,Communication Preferences,Information Sources,Typical Buying Timeline,Primary INT Services,AI Tool Recommendations,AI ROI,Relationship Map
1,Front of House,Primary Decision Makers,C-Suite Executive (CEO/COO/CFO),45-65 years,20+ years business leadership,MBA or equivalent,Major metro Midwest,50-500 employees,Diverse industries,"Drive transformation | Maximize ROI | Ensure compliance | Build scalable ops | Strategic partnerships","Vendor proliferation | ROI measurement | Cybersecurity threats | Finding trusted partners | Innovation/stability balance",Medium - Strategic understanding,Ultimate - Signs $50K+,"$100K-$2M+ annually","EBITDA improvement | Cost reduction % | Customer retention | Employee productivity","Executive summaries | ROI proposals | In-person meetings | Quarterly reviews","Peer CEO networks | Gartner/Forrester | Board advisors | WSJ/HBR",12-16 weeks (fast-track 4-6),"Managed IT | Information Security | Operations Consulting | Technology Strategy","PRIMARY: MS Copilot ($30/user) | SECONDARY: Claude Team (5-10 seats)",5-10 hrs/week per executive (10-15% gain),"REPORTS TO: Board | MANAGES: C-suite team | INFLUENCES: Strategy"
2,Front of House,Primary Decision Makers,Chief Information Security Officer (CISO),35-55 years,10-20 yrs cybersecurity,BS CS + CISSP/CISM/CISA,Distributed/Remote,100-1000+ employees,Regulated industries,"SOC 2/ISO 27001 compliance | Minimize cyber risk | Security culture | Zero-trust architecture | Demonstrate ROI","Limited budget/headcount | Evolving threats | Audit prep time (6-8 wks) | Employee awareness gaps | Vendor assessments",Expert - Deep technical hands-on,High - Direct $25K-$100K,"$50K-$500K annually, $100K-$1M+ initiatives","Zero breaches | MTTD <15min | Clean audits | Audit prep 2-3 weeks","Technical docs | Risk matrices | Compliance dashboards | Monthly reviews","SANS | (ISC)² | RSA/Black Hat | Local CISO chapters",10-16 weeks (fast-track 4-6),"Information Security | SOC 2/ISO 27001 audit | Security awareness | Vulnerability assessments","PRIMARY: Claude Team ($30/user, 3-5 seats) for compliance docs",15-20 hrs/week audit prep (40% reduction),"REPORTS TO: CEO/CIO/CFO | MANAGES: Security team | COLLAB: IT/Ops/Legal"
3,Front of House,Primary Decision Makers,Chief Technology Officer (CTO),35-50 years,12-20 yrs technology,BS/MS Computer Science,Major metro or remote,50-500 employees,SaaS/tech/digital-first,"Scalable infrastructure | Digital transformation | Optimize spend | Attract talent | Modern practices","Technical debt | Competing priorities | Finding engineers (180K+) | Legacy modernization | Cloud costs",Expert - Deep technical expertise,High - Stack/cloud/tools $50K-$500K,"$200K-$2M+ infrastructure","99.9%+ uptime | Performance metrics | Deployment frequency | MTTR | Cloud cost efficiency","Technical specs | Architecture diagrams | Metrics dashboards | Weekly sprint reviews","Hacker News | AWS re:Invent | GitHub | Gartner | Peer CTOs",8-12 weeks (POC/pilot driven),"Managed IT | Technology Consulting | Cloud Administration | 24/7 Helpdesk","PRIMARY: GitHub Copilot ($19/user) 35% productivity | SECONDARY: Claude Team",10-15 hrs/week per engineer code generation,"REPORTS TO: CEO/COO | MANAGES: Engineering/DevOps | COLLAB: Product/CISO"
4,Front of House,Primary Decision Makers,Chief Marketing Officer (CMO),35-55 years,10-20 yrs marketing,BA Marketing + MBA pref,Major metro or remote,50-500 employees,B2B services/SaaS,"Generate qualified leads at target CAC | Build brand awareness | Data-driven marketing | Optimize funnel | Demonstrate ROI","Proving marketing ROI | Limited budget | Content bottlenecks | MarTech complexity | Sales alignment",Medium-High - Proficient marketing tools,High - Direct $25K-$250K,"$100K-$1M+ programs/tools","MQLs/SQLs volume | CAC:LTV ratio | Website traffic/conversion | Email performance | Marketing-attributed revenue","Visual presentations | Campaign briefs | Performance dashboards | Monthly exec reviews","HubSpot Blog | INBOUND | LinkedIn marketing groups | GA Academy",6-10 weeks (creative pitch driven),"Managed Marketing | Content Creation | Website Design | HubSpot Implementation | SEO","PRIMARY: Jasper AI ($49/user) copy | SECONDARY: ChatGPT Team | TERTIARY: Canva AI",20-30 hrs/week content production across team,"REPORTS TO: CEO/Revenue | MANAGES: Marketing teams | COLLAB: Sales/Product"
5,Front of House,Primary Decision Makers,Chief Financial Officer (CFO),40-60 years,15-25 yrs finance CPA/CMA,BA Accounting + MBA/CPA,Major metro or remote,50-500 employees,All industries,"Accurate financial reporting | Optimize cash flow | Cost reduction | Strategic guidance | Financial automation","Manual processes | Lack of real-time visibility | Tech spend visibility | Audit burden | Budget variance explanation",Medium - Excel expert + financial systems,Ultimate - Approves all spending,"Controls entire budget, $50K-$500K finance direct","Financial close <5 days | Zero audit findings | Budget variance <10% | Cash forecasting ±5%","Financial models | Excel dashboards | Variance analyses | Monthly board reports | Quarterly reviews","AICPA | CFO Magazine | Gartner financial systems | Peer CFO networks",10-14 weeks (detailed ROI required),"Operations Consulting | Managed IT | Accounting Services | Technology Consulting","PRIMARY: MS Copilot ($30/user 2-3 finance) | SECONDARY: Claude Team models/reports",8-12 hrs/week reports and analysis,"REPORTS TO: CEO/Board | MANAGES: Accounting/FP&A | INFLUENCES: All spending"
6,Front of House,Operational Decision Makers,IT Director/Manager,35-50 years,10-15 yrs IT 3-5 mgmt,BS IT + CompTIA/MS/Cisco,On-site or hybrid,50-300 employees,All industries,"Reliable IT operations | Responsive support | Cybersecurity best practices | Optimize IT budget | Technology upgrades","Limited IT team/budget | Projects vs. support balance | Legacy systems | Shadow IT | Vendor management",Expert - Hands-on technical infrastructure,Medium-High - Direct $10K-$50K,"$50K-$500K IT operations","System uptime | Ticket resolution time | Help desk satisfaction | IT cost per employee","Technical docs | Status reports | Budget justifications | Weekly ops meetings | Monthly exec updates","Spiceworks | TechTarget | Gartner for IT | Local IT user groups",6-10 weeks (demo + business case),"Managed IT Services | 24/7 Helpdesk | Network Infrastructure | Cloud Admin | Cybersecurity","PRIMARY: MS Copilot ($30/user IT team) | SECONDARY: ChatGPT for scripting",5-8 hrs/week documentation and support,"REPORTS TO: CFO/COO/CEO | MANAGES: IT Support/Network Admins | COLLAB: All depts"
7,Front of House,Operational Decision Makers,Marketing Director/Manager,30-45 years,7-12 yrs marketing 2-4 mgmt,BA Marketing some MBA,Office or hybrid,50-200 employees,B2B services,"Execute marketing strategy | Generate quality leads | Manage budget | Build team | Website traffic/conversions","Limited budget | Small team bandwidth | Proving ROI | Content creation constraints | Agency management",Medium - Proficient HubSpot/social/email/analytics,Medium - Direct $5K-$25K,"$50K-$300K programs/tools","Lead generation (MQLs) | Website traffic/conversion | Campaign ROI | Marketing-sourced pipeline","Campaign briefs | Status updates | Performance dashboards | Weekly team meetings | Monthly reports","HubSpot Academy | Marketing podcasts | LinkedIn groups | Agency partners",4-8 weeks (proposals + references),"Managed Marketing | Content Creation | Website Design/SEO | HubSpot Support | Social Media","PRIMARY: ChatGPT Team ($30/user 2-3) | SECONDARY: Jasper AI | TERTIARY: Canva Pro",10-15 hrs/week content creation,"REPORTS TO: CMO/VP Marketing | MANAGES: Coordinators/Specialists | COLLAB: Sales/Creative"
8,Front of House,Operational Decision Makers,Operations Director/Manager,35-50 years,10-15 yrs ops 3-5 mgmt,BA Business/Ops + MBA/Six Sigma,Office or hybrid,50-300 employees,Mfg/prof services/logistics,"Optimize processes | Improve efficiency/reduce costs | Process automation | Quality control | Vendor management","Manual processes | Lack of documentation | Change resistance | Budget constraints | Disconnected systems",Medium - Strong with ERP/CRM learning automation,Medium - Direct $10K-$50K,"$50K-$500K ops improvements","Efficiency ratios | Cost per unit/transaction | Cycle time reduction | Quality metrics | On-time delivery","Process maps | Efficiency reports | ROI analyses | Weekly ops meetings | Monthly exec updates","Lean Six Sigma resources | Operations blogs | Industry associations | Consulting firms",8-12 weeks (current state + business case),"Operations Consulting | Business Process Optimization | Workflow Automation | Technology Implementation","PRIMARY: Claude Team ($30/user 2-3 ops) | SECONDARY: ChatGPT for workflows",8-12 hrs/week documentation and planning,"REPORTS TO: COO/CEO | MANAGES: Ops Coordinators/Analysts | COLLAB: All departments"
9,Front of House,Operational Decision Makers,HR Director/Manager,35-50 years,8-15 yrs HR 3-5 leadership,BA HR + SHRM-CP/PHR,Office or hybrid,50-300 employees,All industries,"Attract/retain talent | HR compliance | Employee engagement | Optimize benefits | HR systems | Succession planning","Competitive talent market | Limited HR budget | Compliance complexity | Manual HR processes | Benefits costs",Medium - Proficient HRIS learning new HR tech,Medium - Direct $10K-$50K influences benefits,"$50K-$500K HR programs/systems","Time to fill | Employee retention/turnover | Engagement scores | HR cost per employee | Training completion","HR reports | Compliance checklists | Employee surveys | Weekly leadership meetings | Monthly all-hands","SHRM | HR Bartender | Employment law webinars | Local HR chapters | Benefits brokers",8-14 weeks (requirements + demos + references),"HR Outsourcing | Recruiting Services | HR Consulting | Training & Development | HRIS Implementation","PRIMARY: ChatGPT Team ($30/user 2-3 HR) job descriptions/policies | SECONDARY: Claude complex policies",6-10 hrs/week writing and communications,"REPORTS TO: CEO/COO | MANAGES: HR Generalists/Recruiters | COLLAB: All departments"
10,Front of House,Operational Decision Makers,Compliance Officer/Manager,35-50 years,8-15 yrs compliance/audit/risk,BA Business/Accounting + CIA/CISA/CPA,Office or hybrid,100-500+ regulated industries,Healthcare/finance/insurance,"Maintain compliance (SOC 2/HIPAA/SOX) | Pass audits zero findings | Implement compliance systems | Policy updates | Risk mitigation","Regulatory changes | Manual tracking | Audit prep stress (6-8 wks) | Cross-functional coordination | Limited budget",Medium - Strong compliance frameworks learning GRC,Medium - Direct for compliance tools influences broader,"$50K-$300K compliance tools/audits","Audit outcomes (findings/remediation) | Control effectiveness % | Training completion | Risk assessment completion","Compliance reports | Audit dashboards | Policy documents | Monthly compliance meetings | Quarterly audit updates","Regulatory bodies | Compliance associations (SCCE/IIA) | Legal/audit firms | GRC vendors",10-16 weeks (detailed regulatory review),"Information Security | Compliance Consulting | GRC Platform | Policy Development | Audit Prep | Training","PRIMARY: Claude Team ($30/user 2-3 compliance) policy drafting/evidence narratives/audit responses",10-15 hrs/week during audit prep - clean documentation,"REPORTS TO: CFO/GC/CEO | COLLAB: Legal/IT Security/Ops/HR | INFLUENCES: Risk mgmt/audit timeline"
